session_id,probe_version,universe_address_hex,solar_system_index,voxel_x,voxel_y,voxel_z,preset,main_rooms,dead_end_rooms,total_rooms,salvage_crates,crew_footlockers,target_containers,reward_seed_hexes,dungeon_root_seed_hexes,resource_seed_lineage_signature_sha256,resource_seed_primary_hexes,resource_seed_context_signature_sha256,resource_seed_context_primary_hexes,poi_seed_candidate_hexes,poi_context_status,poi_description_return_hexes,poi_description_return_matches_root_seed,dungeon_root_inside_poi_prepare,dungeon_root_inside_poi_activation,dungeon_root_inside_poi_lifecycle,resource_manager_root_event_count,dungeon_root_engine_caller_offsets,dungeon_root_manager_caller_offsets,layout_signature_sha256,layout_multiset_signature_sha256,room_parent_index_coverage,legacy_stream_signature_sha256,generation_signature_sha256,room_model_status
20260929T144401Z_0001550006607CAC,0.3.5,0001550006607CAC,341,-852,6,1543,CARGO_FLOATERS,7,2,9,32,19,51,1EE5E3C00986D42A,00C9E8DF0327789E,,,,,,not-captured,,False,False,False,False,0,,,1f90face36444c74ff3bb84b4626bda2f5b779f409cf321a41b48f01ab59ee25,01873414614001532573819e7c11b687b9cd1db4a9a9398d4c42f0a0e3546b1c,0,ac6daf3152d7f6e1d9ea43070844da6654b3624e5d36a52de656b33b96f3e522,1f90face36444c74ff3bb84b4626bda2f5b779f409cf321a41b48f01ab59ee25,validated-against-table
20260929T161635Z_00001A0004E84EFD,0.3.10,00001A0004E84EFD,26,-259,4,-380,CARGO_FLOATERS,7,1,8,31,4,35,CE0669F299792E85,,,,,,,not-captured,,False,False,False,False,0,,,88aa1a360e937063558419b731d2cb0dee4e95ad879131b1b80f8c803dbdace7,4fc1b70c8aa5313718470b42f9d206f62dc4802c2e71549bc9731e702c6c639a,0,37db5444095ce331b9e4d4da8123daa8cb6f7bed54edd270a9dfb17f673e04b8,88aa1a360e937063558419b731d2cb0dee4e95ad879131b1b80f8c803dbdace7,validated-against-table
20260929T172658Z_00001A0004E84EFD,0.3.11,00001A0004E84EFD,26,-259,4,-380,CARGO_FLOATERS,7,1,8,31,4,35,CE0669F299792E85,,,,,,00001A0004E84EFD,universe-address-confirmed,,False,False,False,False,0,,,f233c4800676d9e9788ace1843f6cb5127469bf3d9157dff65e464d57e070536,4fc1b70c8aa5313718470b42f9d206f62dc4802c2e71549bc9731e702c6c639a,8,a90f80e74540ef33264c2bc86c854cc373ebc1497403a7ca4910bf30770a7724,f233c4800676d9e9788ace1843f6cb5127469bf3d9157dff65e464d57e070536,validated-against-table
20260929T175122Z_0001550006607CAC,0.3.12,0001550006607CAC,341,-852,6,1543,CARGO_FLOATERS,7,2,9,32,19,51,1EE5E3C00986D42A,00C9E8DF0327789E,,,,,0001550006607CAC,universe-address-confirmed,,False,False,False,False,0,,,cbecd690412a75c1e819a34928327b32ed55e40fe776d600e5513fec10b13785,01873414614001532573819e7c11b687b9cd1db4a9a9398d4c42f0a0e3546b1c,9,ac6daf3152d7f6e1d9ea43070844da6654b3624e5d36a52de656b33b96f3e522,cbecd690412a75c1e819a34928327b32ed55e40fe776d600e5513fec10b13785,validated-against-table
20260929T183320Z_00001A0004E84EFD,0.3.13,00001A0004E84EFD,26,-259,4,-380,CARGO_FLOATERS,7,1,8,31,4,35,CE0669F299792E85,9256392A2F5A74AC,,,,,00001A0004E84EFD,universe-address-confirmed,,False,False,False,False,0,,,f233c4800676d9e9788ace1843f6cb5127469bf3d9157dff65e464d57e070536,4fc1b70c8aa5313718470b42f9d206f62dc4802c2e71549bc9731e702c6c639a,8,a90f80e74540ef33264c2bc86c854cc373ebc1497403a7ca4910bf30770a7724,f233c4800676d9e9788ace1843f6cb5127469bf3d9157dff65e464d57e070536,validated-against-table
20260929T185821Z_00001A0004E84EFD,0.3.14,00001A0004E84EFD,26,-259,4,-380,CARGO_FLOATERS,7,1,8,31,4,35,CE0669F299792E85,9256392A2F5A74AC,1c170e4adea39c940d218df40b49a222c5ade702ff2664501d6c5dbac736cfe1,9256392A2F5A74AC,,,00001A0004E84EFD,universe-address-confirmed,,False,False,False,False,0,,,f233c4800676d9e9788ace1843f6cb5127469bf3d9157dff65e464d57e070536,4fc1b70c8aa5313718470b42f9d206f62dc4802c2e71549bc9731e702c6c639a,8,a90f80e74540ef33264c2bc86c854cc373ebc1497403a7ca4910bf30770a7724,f233c4800676d9e9788ace1843f6cb5127469bf3d9157dff65e464d57e070536,validated-against-table
20260929T195205Z_00001A0004E84EFD,0.3.17,00001A0004E84EFD,26,-259,4,-380,CARGO_FLOATERS,7,1,8,31,4,35,CE0669F299792E85,9256392A2F5A74AC,1c170e4adea39c940d218df40b49a222c5ade702ff2664501d6c5dbac736cfe1,9256392A2F5A74AC,fb0d7e94ac0051840fbc66ce83c0a3942006a2ae27373868e30d18c6d66acf5f,0AD621B873019F4F;B4B85467860660FD;B9BBC13335D522C2;00001A0004E84EFD;A837B97723290E5C;6E121336ADC5FFBF;A664CB025DBA7179;FC41CDC809FBC08F;A85ACCEFA42959CA;175E0D95A065E2C5;19DBCF77B6216CC4;37A9C675256DD71A;CCB012823ED907F8;0664401C5D00D463;96BCA4561148F642;25CEBF1D6EA8AA2A;64C8FB7BA73C8925;6DEB159B045A85CD;CCC0C03A583EBB5D;9256392A2F5A74AC,00001A0004E84EFD,universe-address-confirmed,000000F2834FD400,False,False,False,False,0,,,f233c4800676d9e9788ace1843f6cb5127469bf3d9157dff65e464d57e070536,4fc1b70c8aa5313718470b42f9d206f62dc4802c2e71549bc9731e702c6c639a,8,a90f80e74540ef33264c2bc86c854cc373ebc1497403a7ca4910bf30770a7724,f233c4800676d9e9788ace1843f6cb5127469bf3d9157dff65e464d57e070536,validated-against-table
20260929T201042Z_00001A0004E84EFD,0.3.18,00001A0004E84EFD,26,-259,4,-380,CARGO_FLOATERS,7,1,8,31,4,35,CE0669F299792E85,9256392A2F5A74AC,1c170e4adea39c940d218df40b49a222c5ade702ff2664501d6c5dbac736cfe1,9256392A2F5A74AC,fb0d7e94ac0051840fbc66ce83c0a3942006a2ae27373868e30d18c6d66acf5f,0AD621B873019F4F;B4B85467860660FD;B9BBC13335D522C2;00001A0004E84EFD;A837B97723290E5C;6E121336ADC5FFBF;A664CB025DBA7179;FC41CDC809FBC08F;A85ACCEFA42959CA;175E0D95A065E2C5;19DBCF77B6216CC4;37A9C675256DD71A;CCB012823ED907F8;0664401C5D00D463;96BCA4561148F642;25CEBF1D6EA8AA2A;64C8FB7BA73C8925;6DEB159B045A85CD;CCC0C03A583EBB5D;9256392A2F5A74AC,00001A0004E84EFD,universe-address-confirmed,000000895A94D180,False,False,False,False,1,,,f233c4800676d9e9788ace1843f6cb5127469bf3d9157dff65e464d57e070536,4fc1b70c8aa5313718470b42f9d206f62dc4802c2e71549bc9731e702c6c639a,8,a90f80e74540ef33264c2bc86c854cc373ebc1497403a7ca4910bf30770a7724,f233c4800676d9e9788ace1843f6cb5127469bf3d9157dff65e464d57e070536,validated-against-table
20260929T203022Z_00001A0004E84EFD,0.3.19,00001A0004E84EFD,26,-259,4,-380,,0,0,0,0,0,0,,9256392A2F5A74AC,1c170e4adea39c940d218df40b49a222c5ade702ff2664501d6c5dbac736cfe1,9256392A2F5A74AC,fb0d7e94ac0051840fbc66ce83c0a3942006a2ae27373868e30d18c6d66acf5f,0AD621B873019F4F;B4B85467860660FD;B9BBC13335D522C2;00001A0004E84EFD;A837B97723290E5C;6E121336ADC5FFBF;A664CB025DBA7179;FC41CDC809FBC08F;A85ACCEFA42959CA;175E0D95A065E2C5;19DBCF77B6216CC4;37A9C675256DD71A;CCB012823ED907F8;0664401C5D00D463;96BCA4561148F642;25CEBF1D6EA8AA2A;64C8FB7BA73C8925;6DEB159B045A85CD;CCC0C03A583EBB5D;9256392A2F5A74AC,00001A0004E84EFD,universe-address-confirmed,000000AB0D9BD560,False,False,False,False,1,00635115,01831AA3,4f53cda18c2baa0c0354bb5f9a3ecbe5ed12ab4d8e11ba873c2f11161202b945,4f53cda18c2baa0c0354bb5f9a3ecbe5ed12ab4d8e11ba873c2f11161202b945,0,4f53cda18c2baa0c0354bb5f9a3ecbe5ed12ab4d8e11ba873c2f11161202b945,4f53cda18c2baa0c0354bb5f9a3ecbe5ed12ab4d8e11ba873c2f11161202b945,needs-review
